<addon id="plugin.video.aurion" name="Aurion" version="1.0.0" provider-name="OutrageousBean">
  <requires>
    <import addon="xbmc.python" version="3.0.0"/>
    <import addon="script.module.openscrapers" version="0.1.0"/>
    <import addon="script.module.resolveurl" version="5.0.0"/>
  </requires>
  <extension point="xbmc.python.pluginsource" library="main.py" />
  <extension point="xbmc.addon.metadata">
    <summary>Premium cinematic streaming via Real-Debrid and crawlers</summary>
    <description>Aurion custom multi-source addon</description>
    <platform>all</platform>
  </extension>
</addon>
