<addon id="repository.aurion" name="Aurion Repository" version="1.0.0" provider-name="OutrageousBean">
  <requires>
    <import addon="xbmc.addon" version="19.0.0"/>
  </requires>
  <extension point="xbmc.addon.repository" name="Aurion Repository">
    <info compressed="false">https://outrageousbean.github.io/Aurion/addons.xml</info>
    <checksum>https://outrageousbean.github.io/Aurion/addons.xml.md5</checksum>
    <datadir>https://outrageousbean.github.io/Aurion/zips/</datadir>
  </extension>
  <extension point="xbmc.addon.metadata">
    <summary>Aurion Kodi Repository</summary>
    <description>Custom Kodi builds and skins for Aurion</description>
    <platform>all</platform>
  </extension>
</addon>
