<?xml version="1.0" encoding="UTF-8"?>
<includes>
	<include name="View_53_Shift">
		<control type="group">
			<description>Poster Viewtype</description>
			<centertop>50%</centertop>
			<left>0</left>
			<height>880</height>
			<control type="group">
				<visible>Control.IsVisible(53)</visible>
				<animation effect="fade" start="0" end="100" time="300">WindowOpen</animation>
				<animation effect="fade" start="100" end="0" time="300">WindowClose</animation>
				<animation effect="fade" time="200">VisibleChange</animation>
				<control type="image">
					<left>0</left>
					<top>760</top>
					<width>100%</width>
					<height>110</height>
					<texture colordiffuse="E6FFFFFF">dialogs/dialog-bg-nobo.png</texture>
					<visible>!Window.IsVisible(DialogBusy.xml)</visible>
				</control>
				<control type="image">
					<left>0</left>
					<top>35</top>
					<width>100%</width>
					<height>190</height>
					<texture colordiffuse="E6FFFFFF">dialogs/dialog-bg-nobo.png</texture>
					<visible>!Window.IsVisible(DialogBusy.xml)</visible>
				</control>
			</control>
			<control type="group">
				<visible>Control.IsVisible(53)</visible>
				<include>Visible_Right</include>
				<include>OpenClose_Right</include>
				<top>160</top>
				<control type="image">
					<left>600</left>
					<top>600</top>
					<width>340</width>
					<height>110</height>
					<visible>Control.HasFocus(53)</visible>
					<animation effect="fade" time="200">VisibleChange</animation>
					<texture colordiffuse="$VAR[SkinColorVar]">colors/grey.png</texture>
					<animation effect="slide" start="0,0" end="-365,0" time="300" tween="sine" easing="inout" condition="Integer.IsEqual(Container.Position,1) | Integer.IsEqual(Container.Position,0)">Conditional</animation>
					<animation effect="slide" start="0,0" end="-365,0" time="300" tween="sine" easing="inout" condition="Integer.IsEqual(Container.Position,0)">Conditional</animation>
					<animation effect="slide" start="0,0" end="365,0" time="300" tween="sine" easing="inout" condition="Integer.IsEqual(Container.Position,3) | Integer.IsEqual(Container.Position,4)">Conditional</animation>
					<animation effect="slide" start="0,0" end="365,0" time="300" tween="sine" easing="inout" condition="Integer.IsEqual(Container.Position,4)">Conditional</animation>
				</control>
				<control type="image">
					<left>600</left>
					<top>600</top>
					<width>340</width>
					<height>110</height>
					<visible>Control.HasFocus(53)</visible>
					<animation effect="fade" time="200">VisibleChange</animation>
					<texture colordiffuse="$VAR[GradientColorVar]">colors/gradient.png</texture>
					<animation effect="slide" start="0,0" end="-365,0" time="300" tween="sine" easing="inout" condition="Integer.IsEqual(Container.Position,1) | Integer.IsEqual(Container.Position,0)">Conditional</animation>
					<animation effect="slide" start="0,0" end="-365,0" time="300" tween="sine" easing="inout" condition="Integer.IsEqual(Container.Position,0)">Conditional</animation>
					<animation effect="slide" start="0,0" end="365,0" time="300" tween="sine" easing="inout" condition="Integer.IsEqual(Container.Position,3) | Integer.IsEqual(Container.Position,4)">Conditional</animation>
					<animation effect="slide" start="0,0" end="365,0" time="300" tween="sine" easing="inout" condition="Integer.IsEqual(Container.Position,4)">Conditional</animation>
					<visible>Skin.HasSetting(EnableGradientColor)</visible>
				</control>
				<control type="fixedlist" id="53">
					<left>-150</left>
					<top>0</top>
					<width>111%</width>
					<height>710</height>
					<focusposition>1</focusposition>
					<movement>0</movement>
					<pagecontrol>5199</pagecontrol>
					<scrolltime tween="cubic" easing="out">500</scrolltime>
					<orientation>horizontal</orientation>
					<visible>Container.Content(movies) | Container.Content(sets) | Container.Content(tvshows) | Container.Content(seasons) | Container.Content(musicvideos) | Container.Content(artists) | Container.Content(albums) | Container.Content(mixed) | Container.Content(images) | Container.Content(videos) | String.StartsWith(Container.FolderPath,plugin://) | Container.Content(games) | Container.Content(favourites)</visible>
					<onleft>53</onleft>
					<oninfo condition="String.IsEqual(ListItem.DBType,set)">ActivateWindow(1132)</oninfo>
					<onup condition="!Skin.HasSetting(KioskMode)">9000</onup>
					<ondown>5199</ondown>
					<onright>53</onright>
					<preloaditems>1</preloaditems>
					<viewtype label="$LOCALIZE[31100]">icon</viewtype>
					<itemlayout width="370">
						<control type="image">
							<depth>DepthContentPopout</depth>
							<left>0</left>
							<top>90</top>
							<width>370</width>
							<height>480</height>
							<aspectratio aligny="center" align="center">keep</aspectratio>
							<texture fallback="DefaultVideo.png">$VAR[ShiftThumbVar]</texture>
							<bordertexture border="21">overlays/shadow.png</bordertexture>
							<bordersize>20</bordersize>
							<visible>!Container.Content(artists) + !Container.Content(albums)</visible>
						</control>
						<control type="image">
							<depth>DepthContentPopout</depth>
							<left>0</left>
							<top>90</top>
							<width>370</width>
							<height>480</height>
							<aspectratio aligny="center" align="center">keep</aspectratio>
							<texture fallback="DefaultAudio.png">$VAR[ShiftThumbVar]</texture>
							<bordertexture border="21">overlays/shadow.png</bordertexture>
							<bordersize>20</bordersize>
							<visible>Container.Content(artists) | Container.Content(albums)</visible>
						</control>
						<control type="textbox">
							<left>25</left>
							<top>605</top>
							<width>320</width>
							<height>100</height>
							<align>center</align>
							<aligny>center</aligny>
							<label>$INFO[ListItem.Label]</label>
							<autoscroll time="3000" delay="3000" repeat="3000">True</autoscroll>
							<visible>!String.IsEqual(listitem.dbtype,season) + Skin.HasSetting(enable_LibraryClearLogo) | [String.IsEmpty(ListItem.Art(tvshow.clearlogo)) + String.IsEmpty(ListItem.Art(clearlogo))]</visible>
						</control>
						<control type="image">
							<left>20</left>
							<top>605</top>
							<width>330</width>
							<height>100</height>
							<aspectratio aligny="center">keep</aspectratio>
							<texture>$VAR[ViewClearLogoVar]</texture>
							<visible>!String.IsEqual(listitem.dbtype,season) + !Skin.HasSetting(enable_LibraryClearLogo)</visible>
						</control>
						<control type="image">
							<left>20</left>
							<top>600</top>
							<width>330</width>
							<height>110</height>
							<aspectratio aligny="center">stretch</aspectratio>
							<texture background="true" colordiffuse="BFFFFFFF">colors/black.png</texture>
							<visible>Skin.HasSetting(greyedout_watched) + Integer.IsGreater(ListItem.Playcount,0)</visible>
							<visible>!String.IsEqual(listitem.dbtype,album)</visible>
						</control>
						<control type="image">
							<left>169</left>
							<top>560</top>
							<width>32</width>
							<height>32</height>
							<texture>$VAR[WallWatchedIconVar]</texture>
							<visible>!String.StartsWith(Container.FolderPath,plugin://)</visible>
						</control>
						<control type="group">
							<left>160</left>
							<top>91</top>
							<animation effect="slide" end="0,55" time="0" condition="String.IsEqual(listitem.dbtype,artist) | String.IsEqual(listitem.dbtype,album) | String.IsEqual(listitem.dbtype,musicvideo)">Conditional</animation>
							<include content="RatingCircle">
								<param name="animation" value="True" />
							</include>
						</control>
					</itemlayout>
					<focusedlayout width="370">
						<control type="image">
							<depth>DepthContentPopout</depth>
							<left>0</left>
							<top>90</top>
							<width>370</width>
							<height>480</height>
							<aspectratio aligny="center" align="center">keep</aspectratio>
							<texture fallback="DefaultVideo.png">$VAR[ShiftThumbVar]</texture>
							<bordertexture border="21">overlays/shadow.png</bordertexture>
							<bordersize>20</bordersize>
							<visible>!Container.Content(artists) + !Container.Content(albums)</visible>
						</control>
						<control type="image">
							<depth>DepthContentPopout</depth>
							<left>0</left>
							<top>90</top>
							<width>370</width>
							<height>480</height>
							<aspectratio aligny="center" align="center">keep</aspectratio>
							<texture fallback="DefaultAudio.png">$VAR[ShiftThumbVar]</texture>
							<bordertexture border="21">overlays/shadow.png</bordertexture>
							<bordersize>20</bordersize>
							<visible>Container.Content(artists) | Container.Content(albums)</visible>
						</control>
						<control type="group">
							<top>375</top>
							<visible>Skin.HasSetting(enable_LibraryDiscArt)</visible>
							<visible>!String.IsEmpty(ListItem.Art(discart)) + !String.IsEqual(ListItem.DbType,album) + !ListItem.IsCollection</visible>
							<animation effect="slide" start="0,50" end="0,0" time="300" tween="cubic" easing="out" reversible="false">Focus</animation>
							<animation effect="fade" start="100" end="0" time="0">UnFocus</animation>
							<control type="image">
								<right>15</right>
								<top>0</top>
								<width>172</width>
								<height>172</height>
								<texture background="true" colordiffuse="$VAR[SkinColorVar]">overlays/circle-172.png</texture>
								<aspectratio>keep</aspectratio>
								<visible>!Skin.HasSetting(enable_LibraryDiscArtOverlay)</visible>
							</control>
							<control type="image">
								<right>15</right>
								<top>0</top>
								<width>172</width>
								<height>172</height>
								<texture background="true" colordiffuse="$VAR[GradientColorVar]">overlays/circle-172-gradient.png</texture>
								<aspectratio>keep</aspectratio>
								<visible>!Skin.HasSetting(enable_LibraryDiscArtOverlay)</visible>
								<visible>Skin.HasSetting(EnableGradientColor)</visible>
							</control>
							<control type="image">
								<right>16</right>
								<top>1</top>
								<width>170</width>
								<height>170</height>
								<texture background="true">$INFO[ListItem.Art(discart)]</texture>
								<aspectratio>keep</aspectratio>
							</control>
						</control>
						<control type="textbox">
							<left>25</left>
							<top>605</top>
							<width>320</width>
							<height>100</height>
							<align>center</align>
							<aligny>center</aligny>
							<label>$INFO[ListItem.Label]</label>
							<autoscroll time="3000" delay="3000" repeat="3000">True</autoscroll>
							<visible>!String.IsEqual(listitem.dbtype,season) + Skin.HasSetting(enable_LibraryClearLogo) | [String.IsEmpty(ListItem.Art(tvshow.clearlogo)) + String.IsEmpty(ListItem.Art(clearlogo))]</visible>
						</control>
						<control type="image">
							<left>20</left>
							<top>605</top>
							<width>330</width>
							<height>100</height>
							<aspectratio aligny="center">keep</aspectratio>
							<texture>$VAR[ViewClearLogoVar]</texture>
							<visible>!String.IsEqual(listitem.dbtype,season) + !Skin.HasSetting(enable_LibraryClearLogo)</visible>
						</control>
						<control type="image">
							<left>169</left>
							<top>560</top>
							<width>32</width>
							<height>32</height>
							<texture>$VAR[WallWatchedIconVar]</texture>
							<visible>!String.StartsWith(Container.FolderPath,plugin://)</visible>
						</control>
						<control type="group">
							<left>160</left>
							<top>91</top>
							<animation effect="slide" end="0,55" time="0" condition="String.IsEqual(listitem.dbtype,artist) | String.IsEqual(listitem.dbtype,album) | String.IsEqual(listitem.dbtype,musicvideo)">Conditional</animation>
							<include content="RatingCircle">
								<param name="animation" value="True" />
							</include>
						</control>
					</focusedlayout>
				</control>
			</control>
			<control type="group">
				<visible>Control.IsVisible(53)</visible>
				<include>Visible_Right</include>
				<include>OpenClose_Right</include>
				<control type="group">
					<width>50%</width>
					<include content="ShiftTextbox">
						<param name="textbox_id" value="53200" />
						<param name="textbox_content" value="$VAR[ShiftLeftTextBoxVar]" />
					</include>
				</control>
				<control type="group">
					<left>50%</left>
					<width>50%</width>
					<include content="ShiftTextbox">
						<param name="textbox_id" value="53300" />
						<param name="textbox_content" value="$VAR[ShiftRightTextBoxVar]" />
					</include>
				</control>
				<control type="list">
					<left>20</left>
					<top>45</top>
					<width>903</width>
					<height>170</height>
					<orientation>horizontal</orientation>
					<autoscroll time="1500">true</autoscroll>
					<visible>ListItem.IsCollection</visible>
					<itemgap>5</itemgap>
					<focusedlayout height="170" width="129">
						<control type="image">
							<left>5</left>
							<top>0</top>
							<right>5</right>
							<bottom>0</bottom>
							<aspectratio>stretch</aspectratio>
							<texture background="true" fallback="DefaultVideoCover.png">$INFO[ListItem.Art(poster)]</texture>
							<bordertexture>colors/white.png</bordertexture>
							<bordersize>1</bordersize>
						</control>
					</focusedlayout>
					<itemlayout height="170" width="129">
						<control type="image">
							<left>5</left>
							<top>0</top>
							<right>5</right>
							<bottom>0</bottom>
							<aspectratio>stretch</aspectratio>
							<texture background="true" fallback="DefaultVideoCover.png">$INFO[ListItem.Art(poster)]</texture>
							<bordertexture>colors/white.png</bordertexture>
							<bordersize>1</bordersize>
						</control>
					</itemlayout>
					<content sortby="year" sortorder="ascending">$VAR[InfoListPathVar]</content>
				</control>
				<control type="list">
					<left>20</left>
					<top>45</top>
					<width>900</width>
					<height>170</height>
					<orientation>horizontal</orientation>
					<autoscroll time="1500">true</autoscroll>
					<visible>String.IsEqual(listitem.dbtype,artist)</visible>
					<itemgap>5</itemgap>
					<focusedlayout height="170" width="180">
						<control type="image">
							<left>5</left>
							<top>0</top>
							<right>5</right>
							<bottom>0</bottom>
							<aspectratio>stretch</aspectratio>
							<texture background="true" fallback="DefaultAudio.png">$INFO[ListItem.Thumb]</texture>
							<bordertexture>colors/white.png</bordertexture>
							<bordersize>1</bordersize>
						</control>
					</focusedlayout>
					<itemlayout height="170" width="180">
						<control type="image">
							<left>5</left>
							<top>0</top>
							<right>5</right>
							<bottom>0</bottom>
							<aspectratio>stretch</aspectratio>
							<texture background="true" fallback="DefaultAudio.png">$INFO[ListItem.Thumb]</texture>
							<bordertexture>colors/white.png</bordertexture>
							<bordersize>1</bordersize>
						</control>
					</itemlayout>
					<content sortby="year" sortorder="ascending">$VAR[InfoListPathVar]</content>
				</control>
			</control>
		</control>
	</include>
	<include name="ShiftTextbox">
		<control type="group">
			<animation effect="fade" time="200" start="0" end="100" condition="!String.IsEmpty(Control.GetLabel($PARAM[textbox_id]))">Conditional</animation>
			<animation effect="fade" time="200" start="100" end="0" condition="String.IsEmpty(Control.GetLabel($PARAM[textbox_id]))">Conditional</animation>
			<control type="textbox" id="$PARAM[textbox_id]">
				<left>30</left>
				<top>45</top>
				<right>30</right>
				<height>168</height>
				<align>justify</align>
				<label>$PARAM[textbox_content]</label>
				<shadowcolor>$VAR[ShadowColorVar]</shadowcolor>
				<textcolor>$VAR[SkinColorVar]</textcolor>
				<autoscroll delay="10000" time="4000" repeat="10000">Skin.HasSetting(autoscroll)</autoscroll>
				<visible>!String.IsEqual(Skin.Font, Arial)</visible>
			</control>
		</control>
	</include>
</includes>
