<?xml version='1.0' encoding='UTF-8'?>
<shortcuts>
    <shortcut>
        <label>427</label>
        <label2>Common Shortcut</label2>
        <defaultID>disc</defaultID>
        <icon>icons/sidemenu/disc.png</icon>
        <action>PlayDisc</action>
        <visible>System.HasMediaDVD</visible>
    </shortcut>
    <shortcut>
        <label>342</label>
        <label2>Common Shortcut</label2>
        <defaultID>movies</defaultID>
        <icon>icons/sidemenu/movies.png</icon>
        <action>ActivateWindow(Videos,videodb://movies/titles/,return)</action>
        <visible>Library.HasContent(movies) + !Skin.HasSetting(hide_moviescategory)</visible>
    </shortcut>
    <shortcut>
        <label>Aurion Movies</label>
        <label2>Common Shortcut</label2>
        <icon>special://skin/extras/icons/movies.png</icon>
        <action>ActivateWindow(Videos,plugin://plugin.video.aurion/?action=movies,return)</action>
    </shortcut>
    <shortcut>
        <label>342</label>
        <label2>Common Shortcut</label2>
        <defaultID>movies</defaultID>
        <icon>icons/sidemenu/movies.png</icon>
        <action>ActivateWindow(Videos,videodb://movies/,return)</action>
        <visible>Library.HasContent(movies) + Skin.HasSetting(hide_moviescategory)</visible>
    </shortcut>
    <shortcut>
        <label>342</label>
        <label2>Common Shortcut</label2>
        <defaultID>movies</defaultID>
        <icon>icons/sidemenu/movies.png</icon>
        <action>ActivateWindow(Videos,sources://video/,return)</action>
        <visible>!Library.HasContent(movies)</visible>
    </shortcut>
    <shortcut>
        <label>20343</label>
        <label2>Common Shortcut</label2>
        <defaultID>tvshows</defaultID>
        <icon>icons/sidemenu/tv.png</icon>
        <action>ActivateWindow(Videos,videodb://tvshows/titles/,return)</action>
        <visible>Library.HasContent(tvshows) + !Skin.HasSetting(hide_tvshowscategory)</visible>
    </shortcut>
    <shortcut>
        <label>Aurion TV</label>
        <label2>Common Shortcut</label2>
        <icon>special://skin/extras/icons/tv.png</icon>
        <action>ActivateWindow(Videos,plugin://plugin.video.aurion/?action=tvshows,return)</action>
    </shortcut>
    <shortcut>
        <label>20343</label>
        <label2>Common Shortcut</label2>
        <defaultID>tvshows</defaultID>
        <icon>icons/sidemenu/tv.png</icon>
        <action>ActivateWindow(Videos,videodb://tvshows/,return)</action>
        <visible>Library.HasContent(tvshows) + Skin.HasSetting(hide_tvshowscategory)</visible>
    </shortcut>
    <shortcut>
        <label>20343</label>
        <label2>Common Shortcut</label2>
        <defaultID>tvshows</defaultID>
        <icon>icons/sidemenu/tv.png</icon>
        <action>ActivateWindow(Videos,sources://video/,return)</action>
        <visible>!Library.HasContent(tvshows)</visible>
    </shortcut>
    <shortcut>
        <label>2</label>
        <label2>Common Shortcut</label2>
        <defaultID>music</defaultID>
        <icon>icons/sidemenu/music.png</icon>
        <action>ActivateWindow(Music,musicdb://artists/,return)</action>
        <visible>Library.HasContent(music) + !Skin.HasSetting(hide_musiccategory)</visible>
    </shortcut>
    <shortcut>
        <label>2</label>
        <label2>Common Shortcut</label2>
        <defaultID>music</defaultID>
        <icon>icons/sidemenu/music.png</icon>
        <action>ActivateWindow(Music,root,return)</action>
        <visible>Library.HasContent(music) + Skin.HasSetting(hide_musiccategory)</visible>
    </shortcut>
    <shortcut>
        <label>2</label>
        <label2>Common Shortcut</label2>
        <defaultID>music</defaultID>
        <icon>icons/sidemenu/music.png</icon>
        <action>ActivateWindow(Music,Files,return)</action>
        <visible>!Library.HasContent(music)</visible>
    </shortcut>
    <shortcut>
        <label>20389</label>
        <label2>Common Shortcut</label2>
        <defaultID>musicvideos</defaultID>
        <icon>icons/sidemenu/musicvideos.png</icon>
        <action>ActivateWindow(Videos,videodb://musicvideos/titles/,return)</action>
        <visible>Library.HasContent(musicvideos) + !Skin.HasSetting(hide_musicvideocategory)</visible>
    </shortcut>
    <shortcut>
        <label>20389</label>
        <label2>Common Shortcut</label2>
        <defaultID>musicvideos</defaultID>
        <icon>icons/sidemenu/musicvideos.png</icon>
        <action>ActivateWindow(Videos,musicvideos,return)</action>
        <visible>Library.HasContent(musicvideos) + Skin.HasSetting(hide_musicvideocategory)</visible>
    </shortcut>
    <shortcut>
        <label>20389</label>
        <label2>Common Shortcut</label2>
        <defaultID>musicvideos</defaultID>
        <icon>icons/sidemenu/musicvideos.png</icon>
        <action>ActivateWindow(videos,files,return)</action>
        <visible>!Library.HasContent(musicvideos)</visible>
    </shortcut>
    <shortcut>
        <label>19020</label>
        <label2>Common Shortcut</label2>
        <defaultID>livetv</defaultID>
        <icon>icons/sidemenu/livetv.png</icon>
        <action>ActivateWindow(TVChannels)</action>
    </shortcut>
    <shortcut>
        <label>19021</label>
        <label2>Common Shortcut</label2>
        <defaultID>radio</defaultID>
        <icon>icons/sidemenu/radio.png</icon>
        <action>ActivateWindow(RadioChannels)</action>
    </shortcut>
    <shortcut>
        <label>15016</label>
        <label2>Common Shortcut</label2>
        <defaultID>games</defaultID>
        <icon>icons/sidemenu/games.png</icon>
        <action>ActivateWindow(Games)</action>
        <visible>System.GetBool(gamesgeneral.enable)</visible>
    </shortcut>
    <shortcut>
        <label>24001</label>
        <label2>Common Shortcut</label2>
        <defaultID>addons</defaultID>
        <icon>icons/sidemenu/addons.png</icon>
        <action>ActivateWindow(1100)</action>
    </shortcut>
    <shortcut>
        <label>1</label>
        <label2>Common Shortcut</label2>
        <defaultID>pictures</defaultID>
        <icon>icons/sidemenu/pictures.png</icon>
        <action>ActivateWindow(Pictures)</action>
    </shortcut>
    <shortcut>
        <label>3</label>
        <label2>Common Shortcut</label2>
        <defaultID>video</defaultID>
        <icon>icons/sidemenu/videos.png</icon>
        <action>ActivateWindow(Videos,root)</action>
    </shortcut>
    <shortcut>
        <label>Search</label>
        <label2>Common Shortcut</label2>
        <icon>special://skin/extras/icons/search.png</icon>
        <action>ActivateWindow(Videos,plugin://plugin.video.aurion/?action=search,return)</action>
    </shortcut>
        <shortcut>
        <label>10134</label>
        <label2>Common Shortcut</label2>
        <defaultID>favorites</defaultID>
        <icon>icons/sidemenu/favourites.png</icon>
        <action>ActivateWindow(favouritesbrowser)</action>
    </shortcut>
    <shortcut>
        <label>8</label>
        <label2>Common Shortcut</label2>
        <defaultID>weather</defaultID>
        <icon>icons/sidemenu/weather.png</icon>
        <action>ActivateWindow(Weather)</action>
        <visible>!String.IsEmpty(Weather.Plugin)</visible>
    </shortcut>
    <shortcut>
        <label>8</label>
        <label2>Common Shortcut</label2>
        <defaultID>weather</defaultID>
        <icon>icons/sidemenu/weather.png</icon>
        <action>ReplaceWindow(servicesettings,weather)</action>
        <visible>String.IsEmpty(Weather.Plugin)</visible>
    </shortcut>
    <shortcut>
        <label>LibreELEC</label>
        <label2>Common Shortcut</label2>
        <defaultID>libreelec</defaultID>
        <icon>icons/sidemenu/libreelec.png</icon>
        <action>RunAddon(service.libreelec.settings)</action>
        <visible>System.HasAddon(service.libreelec.settings)</visible>
    </shortcut>
    <shortcut>
        <label>CoreELEC</label>
        <label2>Common Shortcut</label2>
        <defaultID>coreelec</defaultID>
        <icon>icons/sidemenu/coreelec.png</icon>
        <action>RunAddon(service.coreelec.settings)</action>
        <visible>System.HasAddon(service.coreelec.settings)</visible>
    </shortcut>
  </shortcuts>
