<addon id="plugin.video.aurion" name="Aurion" version="1.0.3" provider-name="OutrageousBean">
  <requires>
    <import addon="xbmc.python" version="3.0.0"/>
    <import addon="script.module.resolveurl" version="0.0.0" optional="true"/>
    <import addon="script.module.openscrapers" version="0.0.0" optional="true"/>
  </requires>
  <extension point="xbmc.python.pluginsource" library="main.py" />
  <extension point="xbmc.addon.metadata">
    <summary lang="en_GB">Premium cinematic streaming via Real-Debrid and crawlers</summary>
    <description lang="en_GB">Aurion custom multi-source addon</description>
    <platform>all</platform>
    <license>MIT</license>
    <assets>
      <icon>icon.png</icon>
      <fanart>fanart.jpg</fanart>
    </assets>
  </extension>
</addon>
