<?xml version="1.0" encoding="UTF-8"?>
<includes>
	<include name="View_500_Wall">
		<control type="group">
			<include>OpenClose_Right</include>
			<left>50</left>
			<top>0</top>
			<visible>Control.IsVisible(500)</visible>
			<include>Visible_Right</include>
			<control type="panel" id="500">
				<left>0</left>
				<top>0</top>
				<right>20</right>
				<height>100%</height>
				<oninfo condition="String.IsEqual(ListItem.DBType,set)">ActivateWindow(1132)</oninfo>
				<onleft condition="!Skin.HasSetting(KioskMode)">9000</onleft>
				<onright>531</onright>
				<onup condition="Integer.IsGreater(Container.NumPages,1)">500</onup>
				<onup condition="!Integer.IsGreater(Container.NumPages,1) + !Skin.HasSetting(KioskMode)">9000</onup>
				<ondown>500</ondown>
				<viewtype label="$LOCALIZE[31102]">icon</viewtype>
				<preloaditems>2</preloaditems>
				<pagecontrol>531</pagecontrol>
				<scrolltime tween="cubic" easing="out">500</scrolltime>
				<animation effect="slide" end="20,0" time="0" condition="String.IsEqual(Skin.AspectRatio,21:9) + [Container.Content(movies) | Container.Content(sets) | Container.Content(tvshows) | Container.Content(seasons)]">Conditional</animation>
				<animation effect="slide" end="22,0" time="0" condition="String.IsEqual(Skin.AspectRatio,21:9) + [Container.Content(episodes) | Container.Content(videos) | Container.Content(artists) | Container.Content(albums) | Container.Content(musicvideos) | Container.Content(addons)]">Conditional</animation>
				<animation effect="slide" end="118,0" time="0" condition="String.IsEqual(Skin.AspectRatio,21:9) + Container.Content(images)">Conditional</animation>
				<visible>Container.Content(movies) | Container.Content(sets) | Container.Content(tvshows) | Container.Content(seasons) | Container.Content(episodes) | Container.Content(artists) | Container.Content(albums) | Container.Content(musicvideos) | Container.Content(addons) | Container.Content(images) | Container.Content(videos) | Container.Content(games) | Container.Content(favourites)</visible>
				<itemlayout height="460" width="300" condition="Container.Content(movies) | Container.Content(sets) | Container.Content(tvshows) | Container.Content(seasons) | [Container.Content(musicvideos) + Skin.HasSetting(use_posterview)]">
					<control type="group">
						<top>120</top>
						<include content="InfoWallMovieLayout">
							<param name="infolabels" value="true" />
						</include>
					</control>
				</itemlayout>
				<focusedlayout height="460" width="300" condition="Container.Content(movies) | Container.Content(sets) | Container.Content(tvshows) | Container.Content(seasons) | [Container.Content(musicvideos) + Skin.HasSetting(use_posterview)]">
					<control type="group">
						<depth>DepthContentPopout</depth>
						<include content="Animation_FocusBounce" condition="!Skin.HasSetting(no_animations)" />
						<top>120</top>
						<include content="InfoWallMovieLayout">
							<param name="infolabels" value="true" />
							<param name="focused" value="true" />
						</include>
					</control>
				</focusedlayout>
				<itemlayout height="300" width="300" condition="Container.Content(episodes) | Container.Content(videos)">
					<control type="group">
						<top>110</top>
						<include content="InfoWallEpisodeLayout">
							<param name="label" value="$INFO[ListItem.Label]" />
							<param name="thumb_label" value="$INFO[ListItem.Label2]" />
						</include>
					</control>
				</itemlayout>
				<focusedlayout height="300" width="300" condition="Container.Content(episodes) | Container.Content(videos)">
					<control type="group">
						<depth>DepthContentPopout</depth>
						<include content="Animation_FocusBounce" condition="!Skin.HasSetting(no_animations)" />
						<top>110</top>
						<include content="InfoWallEpisodeLayout">
							<param name="focused" value="true" />
							<param name="thumb_label" value="$INFO[ListItem.Label2]" />
						</include>
					</control>
				</focusedlayout>
				<itemlayout height="425" width="442" condition="Container.Content(images)">
					<control type="group">
						<left>40</left>
						<top>150</top>
						<include>InfoWallPictureLayout</include>
					</control>
				</itemlayout>
				<focusedlayout height="425" width="442" condition="Container.Content(images)">
					<control type="group">
						<depth>DepthContentPopout</depth>
						<include content="Animation_FocusBounce" condition="!Skin.HasSetting(no_animations)" />
						<left>40</left>
						<top>150</top>
						<include content="InfoWallPictureLayout">
							<param name="focused" value="true" />
						</include>
					</control>
				</focusedlayout>
				<itemlayout height="400" width="300" condition="Container.Content(artists) | Container.Content(albums) | [Container.Content(musicvideos) + !Skin.HasSetting(use_posterview)]">
					<control type="group">
						<top>150</top>
						<include content="InfoWallMusicLayout">
							<param name="fallback_image" value="DefaultAudio.png" />
						</include>
					</control>
				</itemlayout>
				<focusedlayout height="400" width="300" condition="Container.Content(artists) | Container.Content(albums) | [Container.Content(musicvideos) + !Skin.HasSetting(use_posterview)]">
					<control type="group">
						<depth>DepthContentPopout</depth>
						<top>150</top>
						<include content="Animation_FocusBounce" condition="!Skin.HasSetting(no_animations)" />
						<include content="InfoWallMusicLayout">
							<param name="fallback_image" value="DefaultAudio.png" />
							<param name="focused" value="true" />
						</include>
					</control>
				</focusedlayout>
				<itemlayout height="400" width="300" condition="Container.Content(addons)">
					<control type="group">
						<top>150</top>
						<include content="InfoWallMusicLayout">
							<param name="fallback_image" value="DefaultAddon.png" />
						</include>
					</control>
				</itemlayout>
				<focusedlayout height="400" width="300" condition="Container.Content(addons)">
					<control type="group">
						<depth>DepthContentPopout</depth>
						<top>150</top>
						<include content="Animation_FocusBounce" condition="!Skin.HasSetting(no_animations)" />
						<include content="InfoWallMusicLayout">
							<param name="fallback_image" value="DefaultAddon.png" />
							<param name="focused" value="true" />
						</include>
					</control>
				</focusedlayout>
			</control>
		</control>
	</include>
</includes>
